V0,V-1,V-2,V-3,I0,ID0,dd-1,dd-2,dd-3,dv-1,dv-2,dv-3,dID-1,dID-2,dID-3,tag
-1.518,-2.53,-2.3402,-2.5932,11.465,188.1,-0.28142,0.016704,-0.0128,0.01012,-0.0018975,0.0013316,0.28737,0.0080025,-0.067285,8
-1.3915,-1.518,-2.53,-2.3402,12.06,188.43,0.22451,-0.28142,0.016704,0.001265,0.01012,-0.0018975,0.0032886,0.28737,0.0080025,8
-2.7197,-1.3915,-1.518,-2.53,11.548,135.33,0.0008087,0.22451,-0.28142,-0.0045801,0.001265,0.01012,-0.18312,0.0032886,0.28737,8
-1.3915,-2.7197,-1.3915,-1.518,12.185,180.87,0.00086483,0.0008087,0.22451,0.0044274,-0.0045801,0.001265,0.15182,-0.18312,0.0032886,8
-2.4667,-1.4547,-1.4547,-1.3915,12.353,115.8,-0.01811,0.044579,0.054892,-0.01012,0,-0.00012908,-0.50929,-0.050222,-0.012656,8
-1.3282,-2.4667,-1.4547,-1.4547,12.079,160.43,0.0072276,-0.01811,0.044579,0.011385,-0.01012,0,0.4462,-0.50929,-0.050222,8
-1.518,-1.3915,-2.0872,-2.4667,12.487,146.34,0.029173,-0.023713,0.094684,-0.001265,0.0023991,0.0037949,-0.022886,0.20426,0.028245,8
-1.3915,-2.1505,-2.0872,-2.4667,13.139,133.45,0.025601,0.0062456,-0.0053319,0.0075899,-0.00063248,0.0018975,0.81023,0.02037,-0.051462,8
-1.7077,-1.5812,-1.4547,-1.5812,12.467,116.88,0.037442,-0.016609,0.054834,-0.001265,-0.0004362,0.001265,-0.0068023,-0.028427,0.86983,8
-1.771,-1.7077,-1.5812,-1.4547,12.583,108.14,-0.00087182,0.037442,-0.016609,-0.00012908,-0.001265,-0.0004362,-0.017847,-0.0068023,-0.028427,8
-1.518,-1.771,-1.7077,-1.5812,12.567,108,-0.056459,-0.00087182,0.037442,0.00253,-0.00012908,-0.001265,-0.0013919,-0.017847,-0.0068023,8
-1.8342,-1.518,-1.771,-1.7077,12.73,99.451,-0.006437,-0.056459,-0.00087182,-0.00079061,0.00253,-0.00012908,-0.021368,-0.0013919,-0.017847,8
-1.4547,-1.8342,-1.518,-1.771,13.3,103.91,0.025693,-0.006437,-0.056459,0.0037949,-0.00079061,0.00253,0.044564,-0.021368,-0.0013919,8
-1.518,-1.4547,-1.8342,-1.518,12.858,90.406,-0.0085668,0.025693,-0.006437,-0.00033289,0.0037949,-0.00079061,-0.071057,0.044564,-0.021368,8
-1.6445,-1.518,-1.4547,-1.8342,13.015,91.511,0.020781,-0.0085668,0.025693,-0.001265,-0.00033289,0.0037949,0.011052,-0.071057,0.044564,8
-1.8342,-1.6445,-1.518,-1.4547,12.799,89.994,0.010826,0.020781,-0.0085668,-0.0018975,-0.001265,-0.00033289,-0.015176,0.011052,-0.071057,8
-0.063249,-0.063249,-0.1265,-0.063249,13.877,32.523,0.073891,-0.039984,0.0057252,0,0.00063249,-0.00031624,-0.015066,0.021224,-0.0047454,8
-0.063249,-0.063249,-0.063249,-0.1265,14.498,33.981,-0.025903,0.073891,-0.039984,0,0,0.00063249,0.0072865,-0.015066,0.021224,8
-0.1265,-0.063249,-0.063249,-0.063249,14.228,33.347,0.0037327,-0.025903,0.073891,-0.00070276,0,0,-0.0070354,0.0072865,-0.015066,8
-0.1265,-0.1265,-0.063249,-0.063249,13.682,32.068,0.014295,0.0037327,-0.025903,0,-0.00070276,0,-0.0063981,-0.0070354,0.0072865,8
8.0768,-0.1265,-0.1265,-0.063249,13.773,32.28,-0.013189,0.014295,0.0037327,0.082032,0,-0.00070276,0.0021212,-0.0063981,-0.0070354,8
8.0768,8.0768,-0.1265,-0.1265,13.12,30.75,-0.019289,-0.013189,0.014295,0,0.082032,0,-0.015301,0.0021212,-0.0063981,8
-0.1265,8.0768,8.0768,-0.1265,13.191,30.916,-2.8766E-05,-0.019289,-0.013189,-0.0016309,0,0.082032,3.3113E-05,-0.015301,0.0021212,8
0.063249,-0.1265,8.0768,8.0768,13.48,31.593,0.0002307,-2.8766E-05,-0.019289,2.1587E-05,-0.0016309,0,7.6947E-05,3.3113E-05,-0.015301,8
0.1265,0.063249,-0.1265,8.0768,13.528,31.707,-8.9147E-06,0.0002307,-2.8766E-05,4.3617E-06,2.1587E-05,-0.0016309,7.8917E-06,7.6947E-05,3.3113E-05,8
0.1265,0.1265,0.063249,-0.1265,13.616,31.912,0.011947,-8.9147E-06,0.0002307,0,4.3617E-06,2.1587E-05,0.0020458,7.8917E-06,7.6947E-05,8
0.253,0.1265,0.1265,0.063249,14.057,32.946,-0.012512,0.011947,-8.9147E-06,0.001265,0,4.3617E-06,0.010339,0.0020458,7.8917E-06,8
0.18975,0.253,0.1265,0.1265,13.75,32.228,-0.012686,-0.012512,0.011947,-0.00063249,0.001265,0,-0.0071808,0.010339,0.0020458,8
0.1265,0.18975,0.253,0.1265,13.674,32.048,0.030651,-0.012686,-0.012512,-0.00063249,-0.00063249,0.001265,-0.0017917,-0.0071808,0.010339,8
0.063249,0.1265,0.18975,0.253,13.797,32.337,-0.051886,0.030651,-0.012686,-0.00070276,-0.00063249,-0.00063249,0.0032065,-0.0017917,-0.0071808,8
0,0.063249,0.1265,0.18975,13.522,31.693,0.060567,-0.051886,0.030651,-0.00062623,-0.00070276,-0.00063249,-0.0063736,0.0032065,-0.0017917,8
-0.063249,0,0.063249,0.1265,13.898,32.573,-0.036279,0.060567,-0.051886,-0.00063888,-0.00062623,-0.00070276,0.0088889,-0.0063736,0.0032065,8
-0.063249,-0.063249,0,0.063249,13.73,32.18,-0.025921,-0.036279,0.060567,0,-0.00063888,-0.00062623,-0.0019678,0.0088889,-0.0063736,8
7.9503,-0.063249,-0.063249,0,13.636,31.959,0.046767,-0.025921,-0.036279,0.079342,0,-0.00063888,-0.0021881,-0.0019678,0.0088889,8
7.9503,7.9503,-0.063249,-0.063249,14.189,33.255,0.011816,0.046767,-0.025921,0,0.079342,0,0.012966,-0.0021881,-0.0019678,8
7.887,7.9503,7.9503,-0.063249,14.135,33.128,-0.013844,0.011816,0.046767,-0.00063249,0,0.079342,-0.0012723,0.012966,-0.0021881,8
7.6973,7.887,7.9503,7.9503,14.306,33.53,0.0015949,-0.013844,0.011816,-0.00099867,-0.00063249,0,0.0021166,-0.0012723,0.012966,8
8.0768,7.6973,7.887,7.9503,13.357,31.306,-7.8242E-05,0.0015949,-0.013844,0.00016718,-0.00099867,-0.00063249,-0.00098,0.0021166,-0.0012723,8
-0.18975,8.0768,7.6973,7.887,13.136,30.787,0.027676,-7.8242E-05,0.0015949,-0.027555,0.00016718,-0.00099867,-0.0017289,-0.00098,0.0021166,8
0.18975,-0.18975,8.0768,7.6973,12.845,30.105,-0.0026716,0.027676,-7.8242E-05,0.00054999,-0.027555,0.00016718,-0.0009887,-0.0017289,-0.00098,8
0.253,0.18975,-0.18975,8.0768,12.622,29.582,-0.026053,-0.0026716,0.027676,0.00063249,0.00054999,-0.027555,-0.0052241,-0.0009887,-0.0017289,8
0.253,0.253,0.18975,-0.18975,11.824,27.713,-0.018943,-0.026053,-0.0026716,0,0.00063249,0.00054999,-0.0093481,-0.0052241,-0.0009887,8
0.18975,0.253,0.253,0.18975,12.031,28.198,6.192E-05,-0.018943,-0.026053,-1.5773E-06,0,0.00063249,1.2111E-05,-0.0093481,-0.0052241,8
0.18975,0.18975,0.253,0.253,11.366,26.638,0.0032893,6.192E-05,-0.018943,0,-1.5773E-06,0,-0.0031839,1.2111E-05,-0.0093481,8
0.1265,0.18975,0.18975,0.253,11.267,26.406,-0.00064233,0.0032893,6.192E-05,-0.00063249,0,-1.5773E-06,-0.0023172,-0.0031839,1.2111E-05,8
0.253,0.1265,0.18975,0.18975,13.922,32.63,-0.009675,-0.00064233,0.0032893,9.1665E-05,-0.00063249,0,0.0045102,-0.0023172,-0.0031839,8
0.18975,0.253,0.1265,0.18975,14.203,33.288,0.049388,-0.009675,-0.00064233,-0.00063249,9.1665E-05,-0.00063249,0.0065789,0.0045102,-0.0023172,8
0.1265,0.18975,0.253,0.1265,13.739,32.2,-0.035837,0.049388,-0.009675,-0.00063249,-0.00063249,9.1665E-05,-0.010879,0.0065789,0.0045102,8
0.063249,0.1265,0.18975,0.253,13.468,31.565,-0.00061909,-0.035837,0.049388,-0.00070276,-0.00063249,-0.00063249,-0.007058,-0.010879,0.0065789,8
0.22137,0.063249,0.1265,0.18975,12.765,34.904,0.016437,-0.00061909,-0.035837,0.00079061,-0.00070276,-0.00063249,0.016695,-0.007058,-0.010879,8
0.18975,0.22137,0.063249,0.1265,12.599,29.53,-0.0031506,0.016437,-0.00061909,-0.00031624,0.00079061,-0.00070276,-0.053743,0.016695,-0.007058,8
0.31624,0.18975,0.22137,0.063249,12.929,40.402,-0.012613,-0.0031506,0.016437,0.001265,-0.00031624,0.00079061,0.10872,-0.053743,0.016695,8
0.063249,0.31624,0.18975,0.22137,12.681,29.72,0.00063011,-0.012613,-0.0031506,-2.019E-05,0.001265,-0.00031624,-0.00085245,0.10872,-0.053743,8
7.9503,0.063249,0.31624,0.18975,13.001,20.314,-0.0034708,0.00063011,-0.012613,0.0041952,-2.019E-05,0.001265,-0.0050033,-0.00085245,0.10872,8
-0.253,7.9503,0.063249,0.31624,13.298,20.779,0.015775,-0.0034708,0.00063011,-0.082032,0.0041952,-2.019E-05,0.0046479,-0.0050033,-0.00085245,8
-0.253,-0.253,7.9503,0.063249,13.771,21.517,0.012433,0.015775,-0.0034708,0,-0.082032,0.0041952,0.0082022,0.0046479,-0.0050033,8
0.18975,-0.253,-0.253,7.9503,11.823,18.474,0.005958,0.012433,0.015775,0.00049746,0,-0.082032,-0.0034194,0.0082022,0.0046479,8
-0.18975,0.18975,-0.253,-0.253,13.351,20.861,-0.0080714,0.005958,0.012433,-0.00054999,0.00049746,0,0.0034595,-0.0034194,0.0082022,8
-0.1265,-0.18975,-0.18975,-0.063249,12.697,19.839,0.056029,0.043434,0.017175,0.00063249,0,-0.001265,-0.014979,0.015009,-0.21126,8
-0.1265,-0.1265,-0.1265,-8.0135,12.938,20.216,-0.064224,0.0137,-0.013593,0,0,0.07887,-0.0023673,-0.0082367,-0.17214,8
-0.31624,-0.37949,-0.37949,-8.0768,14.656,125.95,0.017637,0.011289,-0.0079004,0.00033289,0,0.0059669,0.020161,0.014519,0.062998,8
-0.253,-0.31624,-0.37949,-0.37949,14.487,124.5,-0.019485,0.017637,0.011289,0.00063249,0.00033289,0,-0.014499,0.020161,0.014519,8
-0.253,-0.253,-0.31624,-0.37949,14.421,123.93,-0.013231,-0.019485,0.017637,0,0.00063249,0.00033289,-0.0057124,-0.014499,0.020161,8
-0.37949,-0.253,-0.253,-0.31624,14.123,121.37,-0.022361,-0.013231,-0.019485,-0.00063249,0,0.00063249,-0.012802,-0.0057124,-0.014499,8
7.7605,-0.37949,-0.253,-0.253,14.293,122.83,-0.037094,-0.022361,-0.013231,0.0814,-0.00063249,0,0.014631,-0.012802,-0.0057124,8
7.7605,7.7605,-0.37949,-0.253,14.393,123.69,0.028025,-0.037094,-0.022361,0,0.0814,-0.00063249,0.0095827,0.014631,-0.012802,8
7.7605,7.7605,7.7605,-0.37949,14.018,109.52,0.078928,0.028025,-0.037094,0,0,0.0814,-0.14176,0.0095827,0.014631,8
7.7605,7.7605,7.7605,7.7605,14.471,113.05,-0.087883,0.078928,0.028025,0,0,0,0.035366,-0.14176,0.0095827,8
7.6973,7.7605,7.7605,7.7605,14.165,110.66,0.10563,-0.087883,0.078928,-0.00063249,0,0,-0.023911,0.035366,-0.14176,8
7.7605,7.6973,7.7605,7.7605,13.94,108.91,-0.11801,0.10563,-0.087883,0.00063249,-0.00063249,0,-0.017529,-0.023911,0.035366,8
7.7605,7.7605,7.6973,7.7605,14.683,114.71,0.0078353,-0.11801,0.10563,0,0.00063249,-0.00063249,0.058036,-0.017529,-0.023911,8
-0.37949,7.7605,7.7605,7.6973,14.737,115.13,0.053971,0.0078353,-0.11801,-0.0814,0,0.00063249,0.0042305,0.058036,-0.017529,8
-0.37949,-0.37949,7.7605,7.7605,13.82,485.85,0.16744,0.053971,0.0078353,0,-0.0814,0,3.7071,0.0042305,0.058036,8
-0.37949,-0.37949,-0.37949,7.7605,14.169,110.69,-0.15763,0.16744,0.053971,0,0,-0.0814,-4.1684,3.7071,0.0042305,8
-0.253,-0.18975,7.9503,-0.253,14.205,244.16,-0.049605,-0.025169,0.028602,-0.00031624,-0.0814,0.091147,-1.0955,3.6218,-3.9153,8
-0.31624,-0.253,-0.18975,7.9503,14.221,99.989,-0.029091,-0.049605,-0.025169,-0.00015812,-0.00031624,-0.0814,-0.36042,-1.0955,3.6218,8
-0.37949,-0.31624,-0.253,-0.18975,13.799,107.81,-0.071828,-0.029091,-0.049605,-0.00070277,-0.00015812,-0.00031624,0.086874,-0.36042,-1.0955,8
-0.44274,-0.37949,-0.31624,-0.253,13.8,204.84,0.16762,-0.071828,-0.029091,-0.00063249,-0.00070277,-0.00015812,0.97035,0.086874,-0.36042,8
-0.44274,-0.44274,-0.37949,-0.31624,13.262,93.247,-0.14781,0.16762,-0.071828,0,-0.00063249,-0.00070277,-1.116,0.97035,0.086874,8
-0.56924,-0.44274,-0.44274,-0.37949,12.483,653.39,0.27792,-0.14781,0.16762,-0.001265,0,-0.00063249,5.6014,-1.116,0.97035,8
-0.56924,-0.56924,-0.44274,-0.44274,13.601,106.26,-0.22429,0.27792,-0.14781,0,-0.001265,0,-5.4713,5.6014,-1.116,8
-0.69574,-0.56924,-0.56924,-0.44274,12.981,111.55,0.038479,-0.22429,0.27792,-0.001265,0,-0.001265,0.052969,-5.4713,5.6014,8
-0.69574,-0.69574,-0.56924,-0.56924,13.086,92.012,-0.019653,0.038479,-0.22429,0,-0.001265,0,-0.050106,0.052969,-5.4713,8
-0.69574,-0.69574,-0.69574,-0.56924,12.765,89.751,0.032486,-0.019653,0.038479,0,0,-0.001265,-0.022618,-0.050106,0.052969,8
-0.69574,-0.69574,-0.69574,-0.69574,13.294,93.471,0.0034494,0.032486,-0.019653,0,0,0,0.037205,-0.022618,-0.050106,8
-0.69574,-0.69574,-0.69574,-0.69574,13.234,93.051,-0.019589,0.0034494,0.032486,0,0,0,-0.004156,0.037205,-0.022618,8
-0.69574,-0.69574,-0.69574,-0.69574,12.901,90.71,-0.0069278,-0.019589,0.0034494,0,0,0,-0.011708,-0.004156,0.037205,8
-0.75899,-0.69574,-0.69574,-0.69574,12.468,77.925,0.056891,-0.0069278,-0.019589,-0.00070277,0,0,-0.14205,-0.011708,-0.004156,8
-0.69574,-0.75899,-0.69574,-0.69574,13.036,91.66,0.05524,0.056891,-0.0069278,0.00063249,-0.00070277,0,0.13735,-0.14205,-0.011708,8
-0.69574,-0.69574,-0.75899,-0.69574,13.109,81.929,-0.079545,0.05524,0.056891,0,0.00063249,-0.00070277,-0.097311,0.13735,-0.14205,8
-0.63249,-0.69574,-0.69574,-0.75899,12.898,80.615,0.0035107,-0.079545,0.05524,0.00063249,0,0.00063249,-0.01314,-0.097311,0.13735,8
-0.56924,-0.63249,-0.69574,-0.69574,13.215,82.597,0.0022264,0.0035107,-0.079545,0.00063249,0.00063249,0,0.019817,-0.01314,-0.097311,8
-0.50599,-0.56924,-0.63249,-0.69574,13.008,81.3,-0.036885,0.0022264,0.0035107,0.00063249,0.00063249,0.00063249,-0.012967,0.019817,-0.01314,8
-0.31624,-0.37949,-0.37949,-0.44274,13.006,81.285,-0.015231,-0.097544,-0.012882,0.00063249,0,0.00070276,-0.025483,-0.88524,-0.052992,8
-0.31624,-0.31624,-0.37949,-0.37949,13.074,173.64,0.10497,-0.015231,-0.097544,0,0.00063249,0,0.9236,-0.025483,-0.88524,8
-0.31624,-0.31624,-0.31624,-0.37949,13.26,82.878,-0.096236,0.10497,-0.015231,0,0,0.00063249,-0.90767,0.9236,-0.025483,8
-0.37949,-0.31624,-0.253,-0.253,12.61,364.5,0.15917,0.045853,-0.12885,-0.00063249,-0.00070276,0,2.8067,0.046772,-0.89258,8
-0.37949,-0.37949,-0.31624,-0.253,13.469,84.179,-0.16114,0.15917,0.045853,0,-0.00063249,-0.00070276,-2.8032,2.8067,0.046772,8
-0.063249,0.063249,-0.063249,0.063249,12.148,351.16,0.0016305,-0.00096861,0.0013264,-0.001265,0.00063249,-0.00066578,-0.018225,-0.017812,-0.011091,8
-0.063249,-0.063249,0.063249,-0.063249,13.016,376.23,0.0014603,0.0016305,-0.00096861,-3.038E-10,-0.001265,0.00063249,0.03173,-0.018225,-0.017812,8
-0.253,-0.063249,-0.063249,0.063249,12.543,636.94,0.010014,0.0014603,0.0016305,-0.00048653,-3.038E-10,-0.001265,0.66849,0.03173,-0.018225,8
1.4547,-0.253,-0.063249,-0.063249,9.8991,317.08,-0.00022695,0.010014,0.0014603,9.9396E-05,-0.00048653,-3.038E-10,-0.018617,0.66849,0.03173,8
3.4154,1.4547,-0.253,-0.063249,10.81,346.26,0.014358,-0.00022695,0.010014,0.021786,9.9396E-05,-0.00048653,0.32422,-0.018617,0.66849,8
2.783,3.4154,1.4547,-0.253,11.338,372.04,-0.0032511,0.014358,-0.00022695,-0.0031624,0.021786,9.9396E-05,0.12892,0.32422,-0.018617,8
2.2137,2.783,3.4154,1.4547,11.548,387.96,-0.0062377,-0.0032511,0.014358,-0.0014231,-0.0031624,0.021786,0.039777,0.12892,0.32422,8
2.2137,2.2137,2.783,3.4154,11.089,372.54,0.040903,-0.0062377,-0.0032511,0,-0.0014231,-0.0031624,-0.15419,0.039777,0.12892,8
2.2137,2.2137,2.2137,2.783,11.775,404.77,-0.013955,0.040903,-0.0062377,0,0,-0.0014231,0.35812,-0.15419,0.039777,8
1.9607,2.2137,2.2137,2.2137,11.273,387.5,-0.019684,-0.013955,0.040903,-0.0025299,0,0,-0.17272,0.35812,-0.15419,8
1.3915,1.9607,2.2137,2.2137,11.133,382.71,0.016325,-0.019684,-0.013955,-0.0028462,-0.0025299,0,-0.023912,-0.17272,0.35812,8
1.4547,1.3915,1.9607,2.2137,10.971,385.69,-0.0055246,0.016325,-0.019684,0.00063249,-0.0028462,-0.0025299,0.029815,-0.023912,-0.17272,8
1.0752,1.4547,1.3915,1.9607,10.716,376.74,-0.003063,-0.0055246,0.016325,-0.00097306,0.00063249,-0.0028462,-0.022957,0.029815,-0.023912,8
1.1385,1.0752,1.4547,1.3915,10.944,384.74,0.034187,-0.003063,-0.0055246,0.00063249,-0.00097306,0.00063249,0.079989,-0.022957,0.029815,8
-1.3282,1.1385,1.0752,1.4547,11.257,395.74,-0.002335,0.034187,-0.003063,-0.0011367,0.00063249,-0.00097306,0.0050676,0.079989,-0.022957,8
-1.3915,-1.3282,1.1385,1.0752,11.156,383.5,0.049499,-0.002335,0.034187,-0.00063249,-0.0011367,0.00063249,-0.12241,0.0050676,0.079989,8
-1.3282,-1.3915,-1.3282,1.1385,11.57,397.71,-0.00011899,0.049499,-0.002335,0.00021083,-0.00063249,-0.0011367,0.047368,-0.12241,0.0050676,8
-1.3915,-1.5812,1.518,1.265,11.27,378.61,0.046909,-0.038906,-0.012485,0.0018975,-0.034436,0.00253,-0.088065,-2.747,-0.36717,8
-1.3282,-1.3915,-1.5812,1.518,11.562,388.42,-0.0036476,0.046909,-0.038906,0.00031625,0.0018975,-0.034436,0.049067,-0.088065,-2.747,8
-1.3282,-1.3282,-1.3915,-1.5812,11.28,378.93,-0.0047311,-0.0036476,0.046909,0,0.00031625,0.0018975,-0.094943,0.049067,-0.088065,8
1.3915,-1.3282,-1.3282,-1.3915,9.7604,655.78,0.0062366,-0.0047311,-0.0036476,0.027197,0,0.00031625,2.7685,-0.094943,0.049067,8
-1.3282,1.3915,-1.3282,-1.3282,11.649,382.24,-0.015858,0.0062366,-0.0047311,-0.013599,0.027197,0,-1.3677,2.7685,-0.094943,8
-1.3282,-1.3282,1.3915,-1.3282,11.647,382.17,0.049809,-0.015858,0.0062366,0,-0.013599,0.027197,-0.00082035,-1.3677,2.7685,8
-1.4547,-1.3282,-1.3282,1.3915,11.554,379.1,-0.03535,0.049809,-0.015858,-0.001265,0,-0.013599,-0.030615,-0.00082035,-1.3677,8
-1.7077,-1.4547,-1.3282,-1.3282,10.773,345.09,0.0062921,-0.03535,0.049809,-0.001265,-0.001265,0,-0.17008,-0.030615,-0.00082035,8
-1.5812,-1.7077,-1.4547,-1.3282,11.321,362.62,-0.0012497,0.0062921,-0.03535,0.00042166,-0.001265,-0.001265,0.058422,-0.17008,-0.030615,8
-1.7077,-1.5812,-1.7077,-1.4547,11.088,355.18,0.0088948,-0.0012497,0.0062921,-0.001265,0.00042166,-0.001265,-0.074395,0.058422,-0.17008,8
-1.771,-1.7077,-1.5812,-1.7077,11.241,360.07,0.05195,0.0088948,-0.0012497,-0.00070277,-0.001265,0.00042166,0.054421,-0.074395,0.058422,8
-1.4547,-1.771,-1.7077,-1.5812,11.634,363.55,-0.034776,0.05195,0.0088948,0.0031624,-0.00070277,-0.001265,0.034741,0.054421,-0.074395,8
-1.518,-1.4547,-1.771,-1.7077,11.384,355.75,0.041828,-0.034776,0.05195,-0.00063249,0.0031624,-0.00070277,-0.077984,0.034741,0.054421,8
-1.8975,-1.518,-1.4547,-1.771,11.564,352.35,-0.011947,0.041828,-0.034776,-0.001265,-0.00063249,0.0031624,-0.011345,-0.077984,0.034741,8
-1.5812,-1.8975,-1.518,-1.4547,11.218,341.8,-0.0053292,-0.011947,0.041828,0.0031624,-0.001265,-0.00063249,-0.10545,-0.011345,-0.077984,8
-1.5812,-1.5812,-1.8975,-1.518,11.893,362.37,0.001467,-0.0053292,-0.011947,0,0.0031624,-0.001265,0.2285,-0.10545,-0.011345,8
-1.6445,-1.5812,-1.5812,-1.8975,11.654,355.08,0.0014383,0.001467,-0.0053292,-0.00063248,0,0.0031624,-0.072808,0.2285,-0.10545,8
-1.8342,-1.6445,-1.5812,-1.5812,11.263,334.36,0.0070891,0.0014383,0.001467,-0.00094873,-0.00063248,0,-0.10361,-0.072808,0.2285,8
-1.518,-1.8342,-1.6445,-1.5812,11.692,347.1,0.01828,0.0070891,0.0014383,0.0015812,-0.00094873,-0.00063248,0.063667,-0.10361,-0.072808,8
-1.771,-1.518,-1.8342,-1.6445,11.309,326.89,-0.022496,0.01828,0.0070891,-0.0008694,0.0015812,-0.00094873,-0.069437,0.063667,-0.10361,8
-1.518,-1.771,-1.518,-1.8342,11.47,331.55,-0.0015701,-0.022496,0.01828,0.00253,-0.0008694,0.0015812,0.046559,-0.069437,0.063667,8
-1.4547,-1.518,-1.771,-1.518,11.506,332.6,0.0032792,-0.0015701,-0.022496,0.00063249,0.00253,-0.0008694,0.010544,0.046559,-0.069437,8
-1.518,-1.4547,-1.518,-1.771,11.795,340.95,-0.047209,0.0032792,-0.0015701,-0.00063249,0.00063249,0.00253,0.083537,0.010544,0.046559,8
-1.6445,-1.518,-1.4547,-1.518,11.36,319.51,0.060257,-0.047209,0.0032792,-0.001265,-0.00063249,0.00063249,-0.21449,0.083537,0.010544,8
-1.3915,-1.6445,-1.518,-1.4547,12.05,338.9,0.0023399,0.060257,-0.047209,0.0008724,-0.001265,-0.00063249,0.066877,-0.21449,0.083537,8
-1.4547,-1.3915,-1.6445,-1.518,11.349,310.33,-0.042272,0.0023399,0.060257,-0.00063249,0.0008724,-0.001265,-0.28565,0.066877,-0.21449,8
-1.518,-1.4547,-1.3915,-1.6445,11.063,302.5,-0.00096962,-0.042272,0.0023399,-0.00063249,-0.00063249,0.0008724,-0.078372,-0.28565,0.066877,8
-1.4547,-1.518,-1.4547,-1.3915,11.931,326.24,0.0092036,-0.00096962,-0.042272,0.00012908,-0.00063249,-0.00063249,0.048463,-0.078372,-0.28565,8
-1.5812,-1.4547,-1.518,-1.4547,11.941,326.5,0.0049134,0.0092036,-0.00096962,-0.001265,0.00012908,-0.00063249,0.0025423,0.048463,-0.078372,8
-1.4547,-1.5812,-1.4547,-1.518,11.526,306.16,-0.021761,0.0049134,0.0092036,0.00063249,-0.001265,0.00012908,-0.1017,0.0025423,0.048463,8
-1.3282,-1.4547,-1.5812,-1.4547,11.659,309.7,0.034072,-0.021761,0.0049134,0.001265,0.00063249,-0.001265,0.035447,-0.1017,0.0025423,8
-1.4547,-1.3282,-1.4547,-1.5812,11.684,301.23,-0.0026138,0.034072,-0.021761,-0.00032435,0.001265,0.00063249,-0.02174,0.035447,-0.1017,8
-1.3915,-1.4547,-1.3282,-1.4547,11.876,306.18,-0.010901,-0.0026138,0.034072,0.00063249,-0.00032435,0.001265,0.049579,-0.02174,0.035447,8
-1.7077,-1.3915,-1.4547,-1.3282,11.551,288.77,0.0046698,-0.010901,-0.0026138,-0.0010541,0.00063249,-0.00032435,-0.058053,0.049579,-0.02174,8
-1.3915,-1.7077,-1.3915,-1.4547,11.895,297.38,0.013937,0.0046698,-0.010901,0.0015812,-0.0010541,0.00063249,0.043077,-0.058053,0.049579,8
-1.4547,-1.3915,-1.7077,-1.3915,11.78,294.49,-0.08467,0.013937,0.0046698,-0.00063249,0.0015812,-0.0010541,-0.02891,0.043077,-0.058053,8
-1.518,-1.4547,-1.3915,-1.7077,11.597,289.93,-0.0074823,-0.08467,0.013937,-0.00063249,-0.00063249,0.0015812,-0.04559,-0.02891,0.043077,8
-1.518,-1.518,-1.4547,-1.3915,12.505,302.85,0.011893,-0.0074823,-0.08467,0,-0.00063249,-0.00063249,0.033114,-0.04559,-0.02891,8
-2.277,-1.9607,-1.9607,-2.2137,11.798,322.6,-0.02039,0.02528,-0.015668,-0.0015812,0,0.0013316,-0.084112,0.049349,0.11789,8
-2.024,-2.277,-1.9607,-1.9607,11.431,303.63,0.011856,-0.02039,0.02528,0.00064871,-0.0015812,0,-0.048652,-0.084112,0.049349,8
-2.0872,-2.024,-2.277,-1.9607,11.565,289.13,0.0017281,0.011856,-0.02039,-0.00015812,0.00064871,-0.0015812,-0.036227,-0.048652,-0.084112,8
-2.1505,-2.0872,-2.024,-2.277,11.885,297.11,-0.04415,0.0017281,0.011856,-0.00063248,-0.00015812,0.00064871,0.079788,-0.036227,-0.048652,8
-2.2137,-2.1505,-2.0872,-2.024,11.833,295.81,-0.052305,-0.04415,0.0017281,-0.00070277,-0.00063248,-0.00015812,-0.014439,0.079788,-0.036227,8
-1.9607,-2.2137,-2.1505,-2.0872,12.105,302.63,0.064835,-0.052305,-0.04415,0.0023,-0.00070277,-0.00063248,0.061937,-0.014439,0.079788,8
-1.9607,-1.9607,-2.2137,-2.1505,11.65,282.15,0.027998,0.064835,-0.052305,0,0.0023,-0.00070277,-0.22754,0.061937,-0.014439,8
-1.8975,-1.9607,-1.9607,-2.2137,11.607,272.04,0.00036962,0.027998,0.064835,0.00015812,0,0.0023,-0.025278,-0.22754,0.061937,8
-2.024,-1.8975,-1.9607,-1.9607,11.865,278.1,-0.03351,0.00036962,0.027998,-0.001265,0.00015812,0,0.060576,-0.025278,-0.22754,8
-2.024,-2.024,-1.8975,-1.9607,12.017,281.66,-0.026198,-0.03351,0.00036962,0,-0.001265,0.00015812,0.035646,0.060576,-0.025278,8
-2.1505,-2.024,-2.024,-1.8975,11.451,259.43,0.042221,-0.026198,-0.03351,-0.0014055,0,-0.001265,-0.24701,0.035646,0.060576,8
-1.8975,-2.1505,-2.024,-2.024,11.773,266.74,0.003818,0.042221,-0.026198,0.001265,-0.0014055,0,0.03656,-0.24701,0.035646,8
-2.0872,-1.8975,-2.1505,-2.024,11.592,253.57,0.0023957,0.003818,0.042221,-0.00063249,0.001265,-0.0014055,-0.043888,0.03656,-0.24701,8
-1.8975,-2.0872,-1.8975,-2.1505,11.721,256.41,-0.030752,0.0023957,0.003818,0.00099867,-0.00063249,0.001265,0.014911,-0.043888,0.03656,8
-2.0872,-1.8975,-2.0872,-1.8975,11.642,245.58,0.040886,-0.030752,0.0023957,-0.00094874,0.00099867,-0.00063249,-0.05414,0.014911,-0.043888,8
-2.1505,-2.0872,-1.8975,-2.0872,11.891,250.83,-0.028967,0.040886,-0.030752,-0.00063248,-0.00094874,0.00099867,0.052506,-0.05414,0.014911,8
-1.9607,-2.1505,-2.0872,-1.8975,11.353,230.6,0.0013887,-0.028967,0.040886,0.0018975,-0.00063248,-0.00094874,-0.20226,0.052506,-0.05414,8
-2.0872,-1.9607,-2.1505,-2.0872,11.655,236.74,0.013082,0.0013887,-0.028967,-0.00042166,0.0018975,-0.00063248,0.020461,-0.20226,0.052506,8
-1.8342,-2.0872,-1.9607,-2.1505,12.242,239.11,-0.038808,0.013082,0.0013887,0.0013316,-0.00042166,0.0018975,0.012466,0.020461,-0.20226,8
-1.8975,-1.8342,-2.0872,-1.9607,11.75,229.5,0.018663,-0.038808,0.013082,-0.00063249,0.0013316,-0.00042166,-0.096139,0.012466,0.020461,8
-1.8342,-1.8975,-1.8342,-2.0872,11.798,230.42,0.021245,0.018663,-0.038808,0.00063249,-0.00063249,0.0013316,0.0092673,-0.096139,0.012466,8
-1.771,-1.8342,-1.8975,-1.8342,12.374,232.02,-0.0079445,0.021245,0.018663,0.00021083,0.00063249,-0.00063249,0.0053254,0.0092673,-0.096139,8
-1.771,-1.771,-1.8342,-1.8975,12.33,221.55,0.013244,-0.0079445,0.021245,0,0.00021083,0.00063249,-0.017754,0.0053254,0.0092673,8
-1.8975,-1.771,-1.771,-1.8342,11.957,205.51,-0.049987,0.013244,-0.0079445,-0.001265,0,0.00021083,-0.1604,-0.017754,0.0053254,8
-2.0872,-1.8975,-1.771,-1.771,12.073,207.5,0.02705,-0.049987,0.013244,-0.0018975,-0.001265,0,0.019984,-0.1604,-0.017754,8
-1.9607,-2.0872,-1.8975,-1.771,12.212,200.35,-0.0071448,0.02705,-0.049987,0.00032352,-0.0018975,-0.001265,-0.018306,0.019984,-0.1604,8
-1.771,-1.9607,-2.0872,-1.8975,11.607,190.43,0.020816,-0.0071448,0.02705,0.00063249,0.00032352,-0.0018975,-0.03306,-0.018306,0.019984,8
-1.8342,-1.771,-1.9607,-2.0872,12.284,191.94,-0.083283,0.020816,-0.0071448,-0.00070277,0.00063249,0.00032352,0.016743,-0.03306,-0.018306,8
-1.9607,-1.8342,-1.771,-1.9607,11.69,182.65,0.021992,-0.083283,0.020816,-0.001265,-0.00070277,0.00063249,-0.092838,0.016743,-0.03306,8
-2.0872,-1.9607,-1.8342,-1.771,12.233,191.14,0.031294,0.021992,-0.083283,-0.001265,-0.001265,-0.00070277,0.084857,-0.092838,0.016743,8
-1.8342,-2.0872,-1.9607,-1.8342,12.235,181.61,-0.024591,0.031294,0.021992,0.001265,-0.001265,-0.001265,-0.047634,0.084857,-0.092838,8
-1.771,-1.8342,-2.0872,-1.9607,12.041,169.33,0.010029,-0.024591,0.031294,0.00012908,0.001265,-0.001265,-0.025069,-0.047634,0.084857,8
-1.8975,-1.771,-1.8342,-2.0872,12.746,169.29,-0.01479,0.010029,-0.024591,-0.000253,0.00012908,0.001265,-8.3094E-05,-0.025069,-0.047634,8
-1.8342,-1.8975,-1.771,-1.8342,12.557,147.15,-0.0008134,-0.01479,0.010029,0.00012908,-0.000253,0.00012908,-0.045177,-8.3094E-05,-0.025069,8
-1.8975,-1.8342,-1.8975,-1.771,13.345,156.39,0.039101,-0.0008134,-0.01479,-0.00063249,0.00012908,-0.000253,0.092382,-0.045177,-8.3094E-05,8
-2.024,-1.8975,-1.8342,-1.8975,12.884,150.98,-0.015246,0.039101,-0.0008134,-0.001265,-0.00063249,0.00012908,-0.054085,0.092382,-0.045177,8
-2.2137,-2.024,-1.8975,-1.8342,12.446,145.86,0.053281,-0.015246,0.039101,-0.0018975,-0.001265,-0.00063249,-0.051228,-0.054085,0.092382,8
-1.8342,-2.2137,-2.024,-1.8975,12.851,140.56,-0.01424,0.053281,-0.015246,0.0019973,-0.0018975,-0.001265,-0.027873,-0.051228,-0.054085,8
-1.8342,-1.8342,-2.2137,-2.024,12.974,131.77,-0.012331,-0.01424,0.053281,0,0.0019973,-0.0018975,-0.021969,-0.027873,-0.051228,8
-1.8342,-1.8342,-1.8342,-2.2137,12.927,131.29,0.0064778,-0.012331,-0.01424,0,0,0.0019973,-0.0048508,-0.021969,-0.027873,8
-1.8342,-1.8342,-1.8342,-1.8342,13.176,133.82,0.01976,0.0064778,-0.012331,0,0,0,0.025301,-0.0048508,-0.021969,8
-1.771,-1.8342,-1.8342,-1.8342,13.341,125.07,-0.00073681,0.01976,0.0064778,0.0002181,0,0,-0.030159,0.025301,-0.0048508,8
-1.8342,-1.771,-1.8342,-1.8342,13.333,124.99,0.0064595,-0.00073681,0.01976,-0.00063249,0.0002181,0,-0.0007708,-0.030159,0.025301,8
-1.8975,-1.8342,-1.771,-1.8342,12.76,109.65,-0.0096466,0.0064595,-0.00073681,-0.00063249,-0.00063249,0.0002181,-0.15341,-0.0007708,-0.030159,8
-1.9607,-1.8975,-1.8342,-1.771,13.066,112.28,-0.011037,-0.0096466,0.0064595,-0.00063249,-0.00063249,-0.00063249,0.026297,-0.15341,-0.0007708,8
-1.8342,-1.9607,-1.8975,-1.8342,13.676,106.84,0.0011342,-0.011037,-0.0096466,0.00032435,-0.00063249,-0.00063249,-0.013944,0.026297,-0.15341,8
-2.024,-1.8342,-1.9607,-1.8975,13.628,106.47,-0.053396,0.0011342,-0.011037,-0.0018975,0.00032435,-0.00063249,-0.0037991,-0.013944,0.026297,8
-1.771,-2.024,-1.8342,-1.9607,13.228,93.01,0.024298,-0.053396,0.0011342,0.001265,-0.0018975,0.00032435,-0.067278,-0.0037991,-0.013944,8
-1.8342,-1.771,-2.024,-1.8342,13.377,94.057,0.0011942,0.024298,-0.053396,-0.00063249,0.001265,-0.0018975,0.01048,-0.067278,-0.0037991,8
-1.8975,-1.8342,-1.771,-2.024,12.819,90.133,-0.037762,0.0011942,0.024298,-0.00063249,-0.00063249,0.001265,-0.039243,0.01048,-0.067278,8
-1.771,-1.8975,-1.8342,-1.771,13.54,84.625,0.011421,-0.037762,0.0011942,0.0004362,-0.00063249,-0.00063249,-0.018994,-0.039243,0.01048,8
-1.771,-1.771,-1.8975,-1.8342,13.557,84.729,-0.0014817,0.011421,-0.037762,0,0.0004362,-0.00063249,0.0010358,-0.018994,-0.039243,8
-1.8342,-1.771,-1.771,-1.8975,13.374,83.588,-0.021187,-0.0014817,0.011421,-0.00063249,0,0.0004362,-0.011401,0.0010358,-0.018994,8
-1.6445,-1.8342,-1.771,-1.771,12.997,71.079,0.013448,-0.021187,-0.0014817,0.00063249,-0.00063249,0,-0.041699,-0.011401,0.0010358,8
-1.771,-1.6445,-1.8342,-1.771,13.359,73.055,-0.016817,0.013448,-0.021187,-0.0014055,0.00063249,-0.00063249,0.021957,-0.041699,-0.011401,8
-1.8342,-1.771,-1.6445,-1.8342,13.369,73.114,0.00033177,-0.016817,0.013448,-0.00063249,-0.0014055,0.00063249,0.00058743,0.021957,-0.041699,8
-1.8342,-1.8342,-1.771,-1.6445,13.133,61.562,-0.033844,0.00033177,-0.016817,0,-0.00063249,-0.0014055,-0.057757,0.00058743,0.021957,8
-1.771,-1.8342,-1.8342,-1.771,12.948,60.693,-0.027006,-0.033844,0.00033177,0.00063249,0,-0.00063249,-0.0086905,-0.057757,0.00058743,8
-1.5812,-1.771,-1.8342,-1.8342,14.255,55.684,0.016073,-0.027006,-0.033844,0.00038724,0.00063249,0,-0.010223,-0.0086905,-0.057757,8
-1.518,-1.5812,-1.771,-1.8342,13.223,30.99,-1.6255E-05,0.016073,-0.027006,1.5468E-06,0.00038724,0.00063249,-0.0006039,-0.010223,-0.0086905,8
-1.3282,-1.518,-1.5812,-1.771,10.981,17.158,-0.0031617,-1.6255E-05,0.016073,0.00038724,1.5468E-06,0.00038724,-0.02823,-0.0006039,-0.010223,8
-1.4547,-1.3915,-1.265,-1.265,11.434,375.19,-0.0074,-0.001702,0.00052945,-0.00063249,-0.00042166,0,0.090968,-0.036825,0.02403,5
-1.4547,-1.4547,-1.3915,-1.265,10.819,355,0.034349,-0.0074,-0.001702,0,-0.00063249,-0.00042166,-0.20188,0.090968,-0.036825,5
-1.4547,-1.4547,-1.4547,-1.3915,11.392,364.91,-0.014291,0.034349,-0.0074,0,0,-0.00063249,0.052174,-0.20188,0.090968,5
-1.4547,-1.4547,-1.4547,-1.4547,12.319,394.59,-0.007447,-0.014291,0.034349,0,0,0,0.2968,0.052174,-0.20188,5
-1.518,-1.4547,-1.4547,-1.4547,12.118,388.16,-0.0036148,-0.007447,-0.014291,-0.00063249,0,0,-0.064352,0.2968,0.052174,5
-1.518,-1.518,-1.4547,-1.4547,11.976,383.61,0.0038568,-0.0036148,-0.007447,0,-0.00063249,0,-0.045426,-0.064352,0.2968,5
-1.518,-1.518,-1.518,-1.4547,12.1,378.13,-0.0054874,0.0038568,-0.0036148,0,0,-0.00063249,-0.054802,-0.045426,-0.064352,5
-1.5812,-1.518,-1.518,-1.518,12.06,376.89,0.0060227,-0.0054874,0.0038568,-0.00063249,0,0,-0.012447,-0.054802,-0.045426,5
-1.4547,-1.5812,-1.518,-1.518,11.157,348.65,0.00042511,0.0060227,-0.0054874,0.00066578,-0.00063249,0,-0.14861,-0.012447,-0.054802,5
-1.518,-1.4547,-1.5812,-1.518,11.375,355.48,-0.0055507,0.00042511,0.0060227,-0.00063249,0.00066578,-0.00063249,0.068314,-0.14861,-0.012447,5
-1.518,-1.518,-1.4547,-1.5812,10.892,340.39,0.0040356,-0.0055507,0.00042511,0,-0.00063249,0.00066578,-0.15095,0.068314,-0.14861,5
-1.6445,-1.518,-1.518,-1.4547,11.432,357.26,0.0078044,0.0040356,-0.0055507,-0.00063249,0,-0.00063249,0.084371,-0.15095,0.068314,5
-1.6445,-1.6445,-1.518,-1.518,11.723,357.19,-0.0038806,0.0078044,0.0040356,0,-0.00063249,0,-0.00068858,0.084371,-0.15095,5
-1.7077,-1.6445,-1.6445,-1.518,11.169,340.29,0.022718,-0.0038806,0.0078044,-0.00063249,0,-0.00063249,-0.16901,-0.00068858,0.084371,5
-1.7077,-1.7077,-1.6445,-1.6445,11.786,359.1,-0.021317,0.022718,-0.0038806,0,-0.00063249,0,0.20894,-0.16901,-0.00068858,5
-1.7077,-1.7077,-1.7077,-1.6445,11.475,340.66,-0.018692,-0.021317,0.022718,0,0,-0.00063249,-0.18437,0.20894,-0.16901,5
-1.771,-1.7077,-1.7077,-1.7077,11.683,346.85,0.004596,-0.018692,-0.021317,-0.00063249,0,0,0.061914,-0.18437,0.20894,5
-1.7077,-1.771,-1.7077,-1.7077,11.57,348,0.016027,0.004596,-0.018692,0.00063249,-0.00063249,0,0.011438,0.061914,-0.18437,5
-1.771,-1.7077,-1.771,-1.7077,11.892,353.05,-0.01651,0.016027,0.004596,-0.00063249,0.00063249,-0.00063249,0.050545,0.011438,0.061914,5
-1.8342,-1.771,-1.7077,-1.771,11.839,351.47,0.01929,-0.01651,0.016027,-0.00063249,-0.00063249,0.00063249,-0.015818,0.050545,0.011438,5
-1.8342,-1.8342,-1.771,-1.7077,11.701,338.24,-0.0031554,0.01929,-0.01651,0,-0.00063249,-0.00063249,-0.13229,-0.015818,0.050545,5
-1.8975,-1.8342,-1.8342,-1.771,11.071,320.03,-0.018048,-0.0031554,0.01929,-0.00033289,0,-0.00063249,-0.095856,-0.13229,-0.015818,5
-1.8975,-1.8975,-1.8342,-1.8342,11.479,331.8,0.02074,-0.018048,-0.0031554,0,-0.00033289,0,0.11776,-0.095856,-0.13229,5
-1.9607,-1.8975,-1.8975,-1.8342,11.219,315.52,0.0051926,0.02074,-0.018048,-0.00063249,0,-0.00033289,-0.16278,0.11776,-0.095856,5
-1.9607,-1.9607,-1.8975,-1.8975,11.925,335.39,-0.0065617,0.0051926,0.02074,0,-0.00063249,0,0.19862,-0.16278,0.11776,5
-2.024,-1.9607,-1.9607,-1.8975,11.644,327.49,0.013366,-0.0065617,0.0051926,-0.00062623,0,-0.00063249,-0.078149,0.19862,-0.16278,5
-2.024,-2.024,-1.9607,-1.9607,11.182,305.75,-0.0036151,0.013366,-0.0065617,0,-0.00062623,0,-0.21961,-0.078149,0.19862,5
-2.1505,-2.024,-2.024,-1.9607,11.058,302.36,-0.00070597,-0.0036151,0.013366,-0.00066229,0,-0.00062623,-0.017736,-0.21961,-0.078149,5
-2.277,-2.1505,-2.024,-2.024,11.309,300.39,-0.0076921,-0.00070597,-0.0036151,-0.00063249,-0.00066229,0,-0.0098838,-0.017736,-0.21961,5
-2.4035,-2.277,-2.1505,-2.024,10.998,292.13,0.025381,-0.0076921,-0.00070597,-0.001265,-0.00063249,-0.00066229,-0.082563,-0.0098838,-0.017736,5
-2.4667,-2.4035,-2.277,-2.1505,11.843,314.59,-0.025965,0.025381,-0.0076921,-0.00063249,-0.001265,-0.00063249,0.22456,-0.082563,-0.0098838,5
-2.4667,-2.4667,-2.4035,-2.277,11.923,316.7,-0.010604,-0.025965,0.025381,0,-0.00063249,-0.001265,0.021149,0.22456,-0.082563,5
-2.5932,-2.4667,-2.4667,-2.4035,11.214,297.86,-0.0084915,-0.010604,-0.025965,-0.001265,0,-0.00063249,-0.18838,0.021149,0.22456,5
-2.5932,-2.5932,-2.4667,-2.4667,11.696,301.55,0.063049,-0.0084915,-0.010604,0,-0.001265,0,0.03681,-0.18838,0.021149,5
-2.6565,-2.5932,-2.5932,-2.4667,11.834,305.08,-0.02488,0.063049,-0.0084915,-0.00070277,0,-0.001265,0.039325,0.03681,-0.18838,5
-2.7197,-2.6565,-2.5932,-2.5932,11.326,283.14,-0.025672,-0.02488,0.063049,-0.00063248,-0.00070277,0,-0.21946,0.039325,0.03681,5
-2.783,-2.7197,-2.6565,-2.5932,11.903,297.59,0.019477,-0.025672,-0.02488,-0.00031624,-0.00063248,-0.00070277,0.072241,-0.21946,0.039325,5
-2.9094,-2.783,-2.7197,-2.6565,12.172,294.8,-0.020988,0.019477,-0.025672,-0.001265,-0.00031624,-0.00063248,-0.027842,0.072241,-0.21946,5
-2.9094,-2.9094,-2.783,-2.7197,11.933,279.68,-0.018816,-0.020988,0.019477,0,-0.001265,-0.00031624,-0.1512,-0.027842,0.072241,5
-2.9727,-2.9094,-2.9094,-2.783,12.617,295.72,0.01753,-0.018816,-0.020988,-0.00070277,0,-0.001265,0.17818,-0.1512,-0.027842,5
-3.0359,-2.9727,-2.9094,-2.9094,12.466,292.18,-0.0095536,0.01753,-0.018816,-0.00063249,-0.00070277,0,-0.03538,0.17818,-0.1512,5
-3.0992,-3.0359,-2.9727,-2.9094,12.334,279.44,0.0068606,-0.0095536,0.01753,-0.00063249,-0.00063249,-0.00070277,-0.12735,-0.03538,0.17818,5
-3.1624,-3.0992,-3.0359,-2.9727,12.569,284.76,0.0069971,0.0068606,-0.0095536,-0.00063248,-0.00063249,-0.00063249,0.053119,-0.12735,-0.03538,5
-3.2257,-3.1624,-3.0992,-3.0359,12.049,272.97,-0.0083783,0.0069971,0.0068606,-0.00063249,-0.00063248,-0.00063249,-0.11782,0.053119,-0.12735,5
-3.2889,-3.2257,-3.1624,-3.0992,11.897,269.53,0.00039918,-0.0083783,0.0069971,-0.00063249,-0.00063249,-0.00063248,-0.034422,-0.11782,0.053119,5
-3.2889,-3.2889,-3.2257,-3.1624,11.648,263.9,0.0049029,0.00039918,-0.0083783,0,-0.00063249,-0.00063249,-0.056351,-0.034422,-0.11782,5
-3.3522,-3.2889,-3.2889,-3.2257,11.594,244.56,-0.014088,0.0049029,0.00039918,-0.00063249,0,-0.00063249,-0.19335,-0.056351,-0.034422,5
-3.4154,-3.3522,-3.2889,-3.2889,11.77,248.27,0.018538,-0.014088,0.0049029,-0.00063249,-0.00063249,0,0.037053,-0.19335,-0.056351,5
-3.4787,-3.4154,-3.3522,-3.2889,11.586,244.39,-0.0035012,0.018538,-0.014088,-0.00070277,-0.00063249,-0.00063249,-0.043128,0.037053,-0.19335,5
-3.5419,-3.4787,-3.4154,-3.3522,12.115,246.08,0.0066297,-0.0035012,0.018538,-0.00031624,-0.00070277,-0.00063249,0.0084521,-0.043128,0.037053,5
-3.5419,-3.5419,-3.4787,-3.4154,11.991,234.2,0.0053262,0.0066297,-0.0035012,0,-0.00031624,-0.00070277,-0.11872,0.0084521,-0.043128,5
-3.6052,-3.5419,-3.5419,-3.4787,12.052,235.4,-0.022942,0.0053262,0.0066297,-0.00063249,0,-0.00031624,0.011916,-0.11872,0.0084521,5
-3.6684,-3.6052,-3.5419,-3.5419,11.818,230.82,-0.00073934,-0.022942,0.0053262,-0.00063249,-0.00063249,0,-0.045742,0.011916,-0.11872,5
-3.6684,-3.6684,-3.6052,-3.5419,11.829,221.8,0.0065214,-0.00073934,-0.022942,0,-0.00063249,-0.00063249,-0.10028,-0.045742,0.011916,5
-3.6684,-3.6684,-3.6684,-3.6052,11.815,212.29,0.0066577,0.0065214,-0.00073934,0,0,-0.00063249,-0.095019,-0.10028,-0.045742,5
-3.6684,-3.6684,-3.6684,-3.6684,11.596,208.36,-0.00036241,0.0066577,0.0065214,0,0,0,-0.039328,-0.095019,-0.10028,5
-3.6684,-3.6684,-3.6684,-3.6684,11.326,194.66,-0.029173,-0.00036241,0.0066577,0,0,0,-0.13697,-0.039328,-0.095019,5
-3.7317,-3.6684,-3.6684,-3.6684,12.128,208.45,0.014037,-0.029173,-0.00036241,-0.00031624,0,0,0.068924,-0.13697,-0.039328,5
-3.7317,-3.7317,-3.6684,-3.6684,12.336,202.38,0.0044606,0.014037,-0.029173,0,-0.00031624,0,-0.060682,0.068924,-0.13697,5
-3.7949,-3.7317,-3.7317,-3.6684,11.72,192.28,0.010927,0.0044606,0.014037,-0.00063249,0,-0.00031624,-0.10099,-0.060682,0.068924,5
-3.7949,-3.7949,-3.7317,-3.7317,11.832,184.87,-0.018647,0.010927,0.0044606,0,-0.00063249,0,-0.074076,-0.10099,-0.060682,5
-3.7949,-3.7949,-3.7949,-3.7317,11.3,185.38,0.0076115,-0.018647,0.010927,0,0,-0.00063249,0.0056566,-0.074076,-0.10099,5
-3.8582,-3.7949,-3.7949,-3.7949,12.195,171.49,0.0062311,0.0076115,-0.018647,-0.00031624,0,0,-0.069454,0.0056566,-0.074076,5
-3.9214,-3.8582,-3.7949,-3.7949,11.482,161.47,-0.030056,0.0062311,0.0076115,-0.00063248,-0.00031624,0,-0.10024,-0.069454,0.0056566,5
-3.9214,-3.9214,-3.8582,-3.7949,11.642,163.71,0.012713,-0.030056,0.0062311,0,-0.00063248,-0.00031624,0.022448,-0.10024,-0.069454,5
-3.8582,-3.9214,-3.9214,-3.8582,11.611,154.21,0.015859,0.012713,-0.030056,0.00063248,0,-0.00063248,-0.095043,0.022448,-0.10024,5
-3.8582,-3.8582,-3.9214,-3.9214,11.861,157.53,0.012734,0.015859,0.012713,0,0.00063248,0,0.033195,-0.095043,0.022448,5
-3.8582,-3.8582,-3.8582,-3.9214,11.618,145.23,0.035001,0.012734,0.015859,0,0,0.00063248,-0.12304,0.033195,-0.095043,5
-3.8582,-3.8582,-3.8582,-3.8582,12.081,141.57,-0.064735,0.035001,0.012734,0,0,0,-0.040586,-0.12304,0.033195,5
-3.8582,-3.8582,-3.8582,-3.8582,11.874,139.15,0.029031,-0.064735,0.035001,0,0,0,-0.024193,-0.040586,-0.12304,5
-3.8582,-3.8582,-3.8582,-3.8582,11.475,125.51,-0.034229,0.029031,-0.064735,0,0,0,-0.1364,-0.024193,-0.040586,5
-3.7949,-3.8582,-3.8582,-3.8582,11.978,131.01,0.024218,-0.034229,0.029031,0.00031624,0,0,0.027469,-0.1364,-0.024193,5
-3.8582,-3.7949,-3.8582,-3.8582,11.071,112.44,-0.042222,0.024218,-0.034229,-0.00063249,0.00031624,0,-0.18564,0.027469,-0.1364,5
-3.7317,-3.8582,-3.7949,-3.8582,11.378,106.67,0.017885,-0.042222,0.024218,0.00032435,-0.00063249,0.00031624,-0.014798,-0.18564,0.027469,5
-3.7317,-3.7317,-3.8582,-3.7949,10.664,91.641,0.028956,0.017885,-0.042222,0,0.00032435,-0.00063249,-0.15031,-0.014798,-0.18564,5
-3.6684,-3.7317,-3.7317,-3.8582,10.396,89.341,-0.01691,0.028956,0.017885,0.00031624,0,0.00032435,-0.011501,-0.15031,-0.014798,5
-3.6684,-3.6684,-3.7317,-3.7317,10.127,79.115,0.0085898,-0.01691,0.028956,0,0.00031624,0,-0.051126,-0.011501,-0.15031,5
-3.7317,-3.6684,-3.6684,-3.7317,10.276,96.341,-0.01864,0.0085898,-0.01691,-0.00033289,0,0.00031624,0.090661,-0.051126,-0.011501,5
-3.0992,-2.9727,-2.783,-2.783,10.456,65.349,0.0066636,0.02713,0.034982,-0.001265,-0.0018975,0,-0.093299,0.0096979,0.018035,4
-3.0359,-3.0992,-2.9727,-2.783,10.54,65.875,-0.021534,0.0066636,0.02713,0.00063249,-0.001265,-0.0018975,0.0052588,-0.093299,0.0096979,4
-3.0992,-3.0359,-3.0992,-2.9727,10.031,62.695,0.0054332,-0.021534,0.0066636,-0.00063249,0.00063249,-0.001265,-0.031801,0.0052588,-0.093299,4
-3.1624,-3.0992,-3.0359,-3.0992,10.33,56.495,0.028144,0.0054332,-0.021534,-0.00070276,-0.00063249,0.00063249,-0.068886,-0.031801,0.0052588,4
-3.1624,-3.1624,-3.0992,-3.0359,10.166,55.595,0.043148,0.028144,0.0054332,0,-0.00070276,-0.00063249,-0.008998,-0.068886,-0.031801,4
-3.2257,-3.1624,-3.1624,-3.0992,10.247,48.031,-0.0026489,0.043148,0.028144,-0.00063249,0,-0.00070276,-0.075637,-0.008998,-0.068886,4
-0.253,-3.2257,-3.1624,-3.1624,11.231,43.873,0.0016892,-0.0026489,0.043148,0.0059454,-0.00063249,0,-0.0083172,-0.075637,-0.008998,4
-0.1265,-0.253,-3.2257,-3.1624,11.735,45.84,-0.012573,0.0016892,-0.0026489,0.00032435,0.0059454,-0.00063249,0.0050438,-0.0083172,-0.075637,4
-0.18975,-0.1265,-0.253,-3.2257,11.849,46.286,0.0059849,-0.012573,0.0016892,-0.00031624,0.00032435,0.0059454,0.0022313,0.0050438,-0.0083172,4
-0.1265,-0.18975,-0.1265,-0.253,11.867,46.355,0.0060787,0.0059849,-0.012573,0.00063249,-0.00031624,0.00032435,0.00068541,0.0022313,0.0050438,4
-0.1265,-0.1265,-0.18975,-0.1265,12.919,131.21,-0.0011534,0.0060787,0.0059849,0,0.00063249,-0.00031624,0.011166,0.00068541,0.0022313,4
0.63249,0.56924,0.63249,0.69574,13.446,63.026,0.099579,-0.063243,-0.035165,0.00063249,-0.00063249,-0.00070276,0.058425,-0.031343,0.035313,4
0.63249,0.63249,0.56924,0.63249,13.797,64.675,0.017539,0.099579,-0.063243,0,0.00063249,-0.00063249,0.016491,0.058425,-0.031343,4
0.44274,0.63249,0.63249,0.56924,12.883,60.391,-0.031316,0.017539,0.099579,-0.0018975,0,0.00063249,-0.042844,0.016491,0.058425,4
0.31624,0.44274,0.63249,0.63249,13.293,62.311,-0.0098093,-0.031316,0.017539,-0.001265,-0.0018975,0,0.019199,-0.042844,0.016491,4
0.18975,0.31624,0.44274,0.63249,13.244,62.079,0.048419,-0.0098093,-0.031316,-0.001265,-0.001265,-0.0018975,-0.0023136,0.019199,-0.042844,4
-7.887,0.18975,0.31624,0.44274,12.836,130.37,-0.014606,0.048419,-0.0098093,-0.089742,-0.001265,-0.001265,0.75879,-0.0023136,0.019199,4
8.0768,8.0768,8.0768,0.1265,13.309,62.386,-0.002436,-0.021119,0.023776,0,0,0.039751,0.0081756,-0.011236,-0.016765,4
-0.063249,8.0768,8.0768,8.0768,13.636,63.92,0.013717,-0.002436,-0.021119,-0.0407,0,0,0.0076688,0.0081756,-0.011236,4
-0.063249,-0.063249,8.0768,8.0768,13.303,62.359,-0.021038,0.013717,-0.002436,-2.1622E-09,-0.0407,0,-0.014061,0.0076688,0.0081756,4
-0.063249,-0.063249,-0.063249,8.0768,13.419,62.902,0.029724,-0.021038,0.013717,0,-2.1622E-09,-0.0407,0.0060341,-0.014061,0.0076688,4
0.063249,-0.063249,-0.063249,-0.063249,13.283,62.263,-0.0055134,0.029724,-0.021038,0.0004362,0,-2.1622E-09,-0.0022026,0.0060341,-0.014061,4
0.1265,0.063249,-0.063249,-0.063249,13.23,62.014,0.014495,-0.0055134,0.029724,0.00063249,0.0004362,0,-0.0024918,-0.0022026,0.0060341,4
0.18975,0.1265,0.063249,-0.063249,12.913,60.529,-0.028712,0.014495,-0.0055134,0.00063249,0.00063249,0.0004362,-0.014852,-0.0024918,-0.0022026,4
0.253,0.18975,0.1265,0.063249,12.796,59.983,0.015803,-0.028712,0.014495,0.00063249,0.00063249,0.00063249,-0.0054594,-0.014852,-0.0024918,4
0.253,0.253,0.18975,0.1265,12.972,60.807,0.0014907,0.015803,-0.028712,0,0.00063249,0.00063249,0.0082386,-0.0054594,-0.014852,4
0.50599,0.253,0.253,0.18975,13.271,62.207,0.00044974,0.0014907,0.015803,0.00253,0,0.00063249,0.014003,0.0082386,-0.0054594,4
0.63249,0.50599,0.253,0.253,13.418,62.898,-0.016383,0.00044974,0.0014907,0.0014055,0.00253,0,0.0076813,0.014003,0.0082386,4
0.63249,0.63249,0.50599,0.253,12.802,60.011,0.03616,-0.016383,0.00044974,0,0.0014055,0.00253,-0.028875,0.0076813,0.014003,4
0.69574,0.63249,0.63249,0.50599,13.348,72.997,-0.017511,0.03616,-0.016383,0.00031624,0,0.0014055,0.064929,-0.028875,0.0076813,4
0.63249,0.69574,0.63249,0.63249,12.769,69.831,0.0023885,-0.017511,0.03616,-0.00063249,0.00031624,0,-0.03166,0.064929,-0.028875,4
0.69574,0.63249,0.69574,0.63249,13.201,72.195,0.01196,0.0023885,-0.017511,0.00031624,-0.00063249,0.00031624,0.011822,-0.03166,0.064929,4
0.94873,0.69574,0.63249,0.69574,13.053,71.386,-0.030387,0.01196,0.0023885,0.00253,0.00031624,-0.00063249,-0.0080948,0.011822,-0.03166,4
1.0752,0.94873,0.69574,0.63249,13.047,71.349,0.010418,-0.030387,0.01196,0.001265,0.00253,0.00031624,-0.00036267,-0.0080948,0.011822,4
0.94873,1.0752,0.94873,0.69574,12.375,67.673,-0.0066848,0.010418,-0.030387,-0.00066578,0.001265,0.00253,-0.019347,-0.00036267,-0.0080948,4
1.265,0.94873,1.0752,0.94873,13.131,82.067,0.0097643,-0.0066848,0.010418,0.0010541,-0.00066578,0.001265,0.047979,-0.019347,-0.00036267,4
1.3282,1.265,0.94873,1.0752,13.166,82.286,-0.008568,0.0097643,-0.0066848,0.00031624,0.0010541,-0.00066578,0.0010943,0.047979,-0.019347,4
1.3282,1.3282,1.265,0.94873,13.083,81.769,0.0015099,-0.008568,0.0097643,0,0.00031624,0.0010541,-0.0057374,0.0010943,0.047979,4
1.2017,1.3282,1.3282,1.265,12.81,80.064,-0.015103,0.0015099,-0.008568,-0.001265,0,0.00031624,-0.017052,-0.0057374,0.0010943,4
1.265,1.2017,1.3282,1.3282,12.93,80.814,-0.0028982,-0.015103,0.0015099,0.00063249,-0.001265,0,0.0074981,-0.017052,-0.0057374,4
1.518,1.265,1.2017,1.3282,13.268,82.926,0.027689,-0.0028982,-0.015103,0.00253,0.00063249,-0.001265,0.021121,0.0074981,-0.017052,4
1.7077,1.518,1.265,1.2017,13.686,96.229,0.00050407,0.027689,-0.0028982,0.0018975,0.00253,0.00063249,0.13303,0.021121,0.0074981,4
1.1385,1.7077,1.518,1.265,13.828,97.226,-0.017389,0.00050407,0.027689,-0.0056924,0.0018975,0.00253,0.0099619,0.13303,0.021121,4
1.1385,1.1385,1.7077,1.518,13.561,95.35,0.022961,-0.017389,0.00050407,0,-0.0056924,0.0018975,-0.018756,0.0099619,0.13303,4
1.3282,1.1385,1.1385,1.7077,13.486,94.823,-0.014089,0.022961,-0.017389,0.0018975,0,-0.0056924,-0.0052723,-0.018756,0.0099619,4
1.3282,1.3282,1.1385,1.1385,12.984,91.293,0.0093965,-0.014089,0.022961,0,0.0018975,0,-0.039216,-0.0052723,-0.018756,4
1.3915,1.3282,1.3282,1.1385,13.106,102.39,-0.010701,0.0093965,-0.014089,0.00063249,0,0.0018975,0.11095,-0.039216,-0.0052723,4
1.1385,1.3915,1.3282,1.3282,13.197,103.1,0.0020055,-0.010701,0.0093965,-0.00253,0.00063249,0,0.0070961,0.11095,-0.039216,4
1.1385,1.1385,1.3915,1.3282,12.939,101.09,-0.0061038,0.0020055,-0.010701,0,-0.00253,0.00063249,-0.0201,0.0070961,0.11095,4
1.1385,1.1385,1.1385,1.3915,13.06,102.03,-0.012998,-0.0061038,0.0020055,0,0,-0.00253,0.0094354,-0.0201,0.0070961,4
1.1385,1.1385,1.1385,1.1385,12.287,95.989,0.0075776,-0.012998,-0.0061038,-1E-08,0,0,-0.060431,0.0094354,-0.0201,4
-1.3915,-1.2017,-1.3282,-1.3282,9.9144,69.71,0.014777,-0.012376,0.011882,-0.00099867,0.00063249,0,-0.027349,-0.052413,-0.028661,3
-1.0752,-1.3915,-1.2017,-1.3282,11.076,103.84,6.0412E-06,0.014777,-0.012376,3.0493E-05,-0.00099867,0.00063249,0.003291,-0.027349,-0.052413,3
-1.1385,-1.0752,-1.3915,-1.2017,10.626,91.316,0.0037046,6.0412E-06,0.014777,-0.00070277,3.0493E-05,-0.00099867,-0.13917,0.003291,-0.027349,3
-1.0752,-1.1385,-1.0752,-1.3915,10.76,92.471,0.0076211,0.0037046,6.0412E-06,0.00063249,-0.00070277,3.0493E-05,0.01155,-0.13917,0.003291,3
-1.1385,-1.0752,-1.1385,-1.0752,11.227,96.483,-0.038123,0.0076211,0.0037046,-0.00063249,0.00063249,-0.00070277,0.040119,0.01155,-0.13917,3
-1.2017,-1.1385,-1.0752,-1.1385,10.949,94.09,-0.01291,-0.038123,0.0076211,-0.00063248,-0.00063249,0.00063249,-0.023934,0.040119,0.01155,3
-1.2017,-1.2017,-1.1385,-1.0752,11.015,94.663,0.0015921,-0.01291,-0.038123,0,-0.00063248,-0.00063249,0.0057367,-0.023934,0.040119,3
-1.265,-1.2017,-1.2017,-1.1385,10.799,84.371,0.0086743,0.0015921,-0.01291,-0.00031625,0,-0.00063248,-0.051463,0.0057367,-0.023934,3
-1.265,-1.265,-1.2017,-1.2017,11.034,86.207,0.012744,0.0086743,0.0015921,0,-0.00031625,0,0.020401,-0.051463,0.0057367,3
-1.265,-1.265,-1.265,-1.2017,11.139,87.027,0.035008,0.012744,0.0086743,0,0,-0.00031625,0.0082019,0.020401,-0.051463,3
-1.3282,-1.265,-1.265,-1.265,11.112,86.815,-0.076809,0.035008,0.012744,-0.00063249,0,0,-0.0021172,0.0082019,0.020401,3
-1.265,-1.3282,-1.265,-1.265,10.767,84.119,-0.013761,-0.076809,0.035008,0.00063249,-0.00063249,0,-0.02696,-0.0021172,0.0082019,3
-1.265,-1.265,-1.3282,-1.265,10.844,84.717,-0.0066138,-0.013761,-0.076809,0,0.00063249,-0.00063249,0.0059789,-0.02696,-0.0021172,3
-1.3282,-1.265,-1.265,-1.3282,11.234,87.763,0.080407,-0.0066138,-0.013761,-0.00063249,0,0.00063249,0.030464,0.0059789,-0.02696,3
-1.3282,-1.3282,-1.265,-1.265,10.942,76.936,0.0187,0.080407,-0.0066138,0,-0.00063249,0,-0.10827,0.030464,0.0059789,3
-1.3282,-1.3282,-1.3282,-1.265,10.898,76.624,-0.00057618,0.0187,0.080407,0,0,-0.00063249,-0.0031207,-0.10827,0.030464,3
-1.3282,-1.3282,-1.3282,-1.3282,10.918,76.764,-0.0012508,-0.00057618,0.0187,0,0,0,0.0013987,-0.0031207,-0.10827,3
-1.3282,-1.3282,-1.3282,-1.3282,11.119,78.183,0.024213,-0.0012508,-0.00057618,0,0,0,0.015761,0.0013987,-0.0031207,3
-1.3282,-1.3282,-1.3282,-1.3282,10.534,74.067,-0.014876,0.024213,-0.0012508,0,0,0,-0.041158,0.015761,0.0013987,3
-1.3282,-1.3282,-1.3282,-1.3282,11.092,69.326,-0.0053732,-0.014876,0.024213,0,0,0,-0.023704,-0.041158,0.015761,3
-1.3282,-1.3282,-1.3282,-1.3282,10.496,65.6,-0.012278,-0.0053732,-0.014876,0,0,0,-0.037262,-0.023704,-0.041158,3
-1.3282,-1.3282,-1.3282,-1.3282,10.433,65.207,-0.042957,-0.012278,-0.0053732,0,0,0,-0.0039269,-0.037262,-0.023704,3
-1.265,-1.3282,-1.3282,-1.3282,11.222,70.137,0.059315,-0.042957,-0.012278,0.00070277,0,0,0.054775,-0.0039269,-0.037262,3
-1.265,-1.265,-1.3282,-1.3282,11.051,69.066,0.040629,0.059315,-0.042957,0,0.00070277,0,-0.010708,0.054775,-0.0039269,3
-1.265,-1.265,-1.265,-1.3282,10.19,55.726,-0.014077,0.040629,0.059315,0,0,0.00070277,-0.066702,-0.010708,0.054775,3
-1.2017,-1.265,-1.265,-1.265,10.851,59.341,7.624E-05,-0.014077,0.040629,0.00063249,0,0,0.036152,-0.066702,-0.010708,3
-1.2017,-1.2017,-1.265,-1.265,10.408,56.92,-0.0018196,7.624E-05,-0.014077,0,0.00063249,0,-0.024213,0.036152,-0.066702,3
-1.1385,-1.2017,-1.2017,-1.265,10.946,59.859,0.063176,-0.0018196,7.624E-05,0.00063248,0,0.00063249,0.029391,-0.024213,0.036152,3
-1.1385,-1.1385,-1.2017,-1.2017,11.542,63.122,-0.047952,0.063176,-0.0018196,0,0.00063248,0,0.032636,0.029391,-0.024213,3
-1.0752,-1.1385,-1.1385,-1.2017,10.565,57.778,0.1003,-0.047952,0.063176,0.00070277,0,0.00063248,-0.059382,0.032636,0.029391,3
-1.0752,-1.0752,-1.1385,-1.1385,11.036,51.732,-0.045397,0.1003,-0.047952,0,0.00070277,0,-0.030228,-0.059382,0.032636,3
-1.012,-1.0752,-1.0752,-1.1385,10.973,51.438,0.026958,-0.045397,0.1003,0.00063249,0,0.00070277,-0.0029417,-0.030228,-0.059382,3
-1.012,-1.012,-1.0752,-1.0752,11.228,52.629,-0.038882,0.026958,-0.045397,0,0.00063249,0,0.011909,-0.0029417,-0.030228,3
-0.94873,-1.012,-1.012,-1.0752,11.103,52.046,0.043544,-0.038882,0.026958,0.00063249,0,0.00063249,-0.0058269,0.011909,-0.0029417,3
-2.277,-2.1505,-2.024,-1.8975,10.902,93.689,0.015046,-0.0071241,0.0087593,-0.001265,-0.00063249,-0.001265,0.017919,-0.042401,-0.030363,2
-2.3402,-2.277,-2.1505,-2.024,10.789,92.718,0.017607,0.015046,-0.0071241,-0.00063249,-0.001265,-0.00063249,-0.0097095,0.017919,-0.042401,2
-2.4667,-2.3402,-2.277,-2.1505,10.74,83.907,0.013185,0.017607,0.015046,-0.0014055,-0.00063249,-0.001265,-0.097902,-0.0097095,0.017919,2
-2.53,-2.4667,-2.3402,-2.277,11.251,87.9,0.0060194,0.013185,0.017607,-0.00063249,-0.0014055,-0.00063249,0.039926,-0.097902,-0.0097095,2
-2.5932,-2.53,-2.4667,-2.3402,11.072,86.497,-0.018654,0.0060194,0.013185,-0.00063249,-0.00063249,-0.0014055,-0.014031,0.039926,-0.097902,2
-2.5932,-2.5932,-2.53,-2.4667,11.088,77.96,0.01639,-0.018654,0.0060194,0,-0.00063249,-0.00063249,-0.085368,-0.014031,0.039926,2
-2.6565,-2.5932,-2.5932,-2.53,10.81,76.007,0.0074334,0.01639,-0.018654,-0.00031624,0,-0.00063249,-0.0097645,-0.085368,-0.014031,2
-2.6565,-2.6565,-2.5932,-2.5932,10.413,65.081,0.015979,0.0074334,0.01639,0,-0.00031624,0,-0.10926,-0.0097645,-0.085368,2
-2.6565,-2.6565,-2.6565,-2.5932,9.9089,61.93,0.013788,0.015979,0.0074334,0,0,-0.00031624,-0.03151,-0.10926,-0.0097645,2
-2.6565,-2.6565,-2.6565,-2.6565,9.9051,61.907,-0.0045132,0.013788,0.015979,0,0,0,-0.00023782,-0.03151,-0.10926,2
-2.4035,-2.4035,-2.3402,-2.277,10.293,80.414,0.01042,-0.0073505,-0.020976,0,-0.00063249,-0.00063249,-0.061546,-0.10752,0.014396,2
-2.53,-2.4035,-2.4035,-2.3402,11.162,87.204,0.049512,0.01042,-0.0073505,-0.0014055,0,-0.00063249,0.075437,-0.061546,-0.10752,2
-2.53,-2.53,-2.4035,-2.4035,10.408,73.179,-0.033085,0.049512,0.01042,0,-0.0014055,0,-0.14025,0.075437,-0.061546,2
-2.4667,-2.53,-2.53,-2.4035,10.404,73.153,-0.0024459,-0.033085,0.049512,0.00063249,0,-0.0014055,-0.00025435,-0.14025,0.075437,2
-2.5932,-2.4667,-2.53,-2.53,10.221,71.869,0.024732,-0.0024459,-0.033085,-0.00063249,0.00063249,0,-0.0064197,-0.00025435,-0.14025,2
-2.5932,-2.5932,-2.4667,-2.53,10.541,65.883,0.014461,0.024732,-0.0024459,0,-0.00063249,0.00063249,-0.059867,-0.0064197,-0.00025435,2
-2.53,-2.5932,-2.5932,-2.4667,10.126,63.285,-0.010971,0.014461,0.024732,0.00063249,0,-0.00063249,-0.025977,-0.059867,-0.0064197,2
-2.4667,-2.53,-2.5932,-2.5932,10.389,64.928,-0.0081503,-0.010971,0.014461,0.00063249,0.00063249,0,0.016434,-0.025977,-0.059867,2
-2.4667,-2.4667,-2.53,-2.5932,9.9014,54.148,-0.0031452,-0.0081503,-0.010971,0,0.00063249,0.00063249,-0.11978,0.016434,-0.025977,2
-2.3402,-2.4667,-2.4667,-2.53,9.8592,53.917,0.025255,-0.0031452,-0.0081503,0.001265,0,0.00063249,-0.0023061,-0.11978,0.016434,2
-2.2137,-2.3402,-2.4667,-2.4667,9.2759,43.481,0.011926,0.025255,-0.0031452,0.00063249,0.001265,0,-0.052184,-0.0023061,-0.11978,2
-1.7077,-1.771,-1.9607,-1.6445,12.991,152.24,0.038575,-0.047377,-0.017026,0.00063249,0.0021083,-0.0015812,0.065557,-0.17279,0.028999,8
-1.771,-1.7077,-1.771,-1.9607,12.731,149.2,-0.044549,0.038575,-0.047377,-0.00063249,0.00063249,0.0021083,-0.030439,0.065557,-0.17279,8
-1.8342,-1.771,-1.7077,-1.771,12.482,146.27,-0.067539,-0.044549,0.038575,-0.00063249,-0.00063249,0.00063249,-0.029267,-0.030439,0.065557,8
-1.8342,-1.8342,-1.771,-1.7077,12.37,135.29,0.079148,-0.067539,-0.044549,0,-0.00063249,-0.00063249,-0.10977,-0.029267,-0.030439,8
-1.7077,-1.8342,-1.8342,-1.771,12.531,137.06,-0.0012732,0.079148,-0.067539,0.001265,0,-0.00063249,0.017664,-0.10977,-0.029267,8
-1.7077,-1.7077,-1.8342,-1.8342,12.617,138,-0.0061943,-0.0012732,0.079148,0,0.001265,0,0.0094338,0.017664,-0.10977,8
-1.7077,-1.7077,-1.7077,-1.8342,13.363,146.16,0.026506,-0.0061943,-0.0012732,0,0,0.001265,0.090682,0.0094338,0.017664,8
-1.9607,-1.7077,-1.7077,-1.7077,12.923,131.25,0.0048306,0.026506,-0.0061943,-0.001265,0,0,-0.074555,0.090682,0.0094338,8
-1.7077,-1.9607,-1.7077,-1.7077,12.628,128.26,0.0020463,0.0048306,0.026506,0.00253,-0.001265,0,-0.029968,-0.074555,0.090682,8
-1.7077,-1.7077,-1.9607,-1.7077,13.266,134.73,-0.014913,0.0020463,0.0048306,0,0.00253,-0.001265,0.064795,-0.029968,-0.074555,8
-1.771,-1.7077,-1.7077,-1.9607,12.823,130.24,0.011278,-0.014913,0.0020463,-0.00063249,0,0.00253,-0.044989,0.064795,-0.029968,8
-1.7077,-1.771,-1.7077,-1.7077,12.967,121.56,0.0076842,0.011278,-0.014913,0.0002181,-0.00063249,0,-0.029904,-0.044989,0.064795,8
-1.7077,-1.7077,-1.771,-1.7077,12.956,121.46,-0.018093,0.0076842,0.011278,0,0.0002181,-0.00063249,-0.0010476,-0.029904,-0.044989,8
-1.8975,-1.7077,-1.7077,-1.771,13.085,112.45,-0.0020657,-0.018093,0.0076842,-0.00094874,0,0.0002181,-0.045035,-0.0010476,-0.029904,8
-1.8342,-1.8975,-1.7077,-1.7077,12.844,110.38,-0.032345,-0.0020657,-0.018093,0.00063249,-0.00094874,0,-0.020756,-0.045035,-0.0010476,8
-1.771,-1.8342,-1.8975,-1.7077,12.782,109.85,0.017295,-0.032345,-0.0020657,0.00063249,0.00063249,-0.00094874,-0.0052778,-0.020756,-0.045035,8
-1.771,-1.771,-1.8342,-1.8975,13.162,102.83,0.00027672,0.017295,-0.032345,0,0.00063249,0.00063249,-0.036961,-0.0052778,-0.020756,8
-1.8975,-1.771,-1.771,-1.8342,12.89,100.71,-0.0078689,0.00027672,0.017295,-0.001265,0,0.00063249,-0.021191,-0.036961,-0.0052778,8
-1.9607,-1.8975,-1.771,-1.771,12.802,100.01,0.017186,-0.0078689,0.00027672,-0.00063249,-0.001265,0,-0.0069446,-0.021191,-0.036961,8
-1.771,-1.9607,-1.8975,-1.771,13.434,94.458,-0.01594,0.017186,-0.0078689,0.00094873,-0.00063249,-0.001265,-0.027771,-0.0069446,-0.021191,8
-1.8342,-1.771,-1.9607,-1.8975,13.424,94.384,0.013644,-0.01594,0.017186,-0.00063249,0.00094873,-0.00063249,-0.00074028,-0.027771,-0.0069446,8
-2.024,-1.8342,-1.771,-1.9607,13.153,92.481,0.021594,0.013644,-0.01594,-0.0018975,-0.00063249,0.00094873,-0.019032,-0.00074028,-0.027771,8
-1.771,-2.024,-1.8342,-1.771,13.504,84.402,-0.0054919,0.021594,0.013644,0.0013316,-0.0018975,-0.00063249,-0.042522,-0.019032,-0.00074028,8
-1.8342,-1.771,-2.024,-1.8342,13.786,86.16,-0.013707,-0.0054919,0.021594,-0.00063249,0.0013316,-0.0018975,0.01758,-0.042522,-0.019032,8
-1.8975,-1.8342,-1.771,-2.024,13.341,83.384,0.05028,-0.013707,-0.0054919,-0.00063249,-0.00063249,0.0013316,-0.027756,0.01758,-0.042522,8
-1.7077,-1.8975,-2.024,-1.518,13.56,74.155,0.026565,-0.085607,-0.037557,0.0018975,0.001265,-0.0050599,-0.065843,-0.010924,-0.11173,8
-1.8342,-1.7077,-1.8975,-2.024,14.031,76.73,0.014755,0.026565,-0.085607,-0.001265,0.0018975,0.001265,0.02575,-0.065843,-0.010924,8
-1.8342,-1.8342,-1.7077,-1.8975,13.849,75.738,-0.010362,0.014755,0.026565,0,-0.001265,0.0018975,-0.0099241,0.02575,-0.065843,8
-1.6445,-1.5812,-1.8975,-1.3282,13.337,62.518,-0.0071581,0.0079738,-0.010892,-0.00063887,0.0015734,-0.0063249,0.0063066,-0.040386,-0.1208,8
-1.771,-1.6445,-1.5812,-1.8975,13.097,61.394,0.044343,-0.0071581,0.0079738,-0.0012525,-0.00063887,0.0015734,-0.011123,0.0063066,-0.040386,8
-1.518,-1.771,-1.6445,-1.5812,14.299,55.855,-0.019812,0.044343,-0.0071581,0.0008724,-0.0012525,-0.00063887,-0.019103,-0.011123,0.0063066,8
-1.5812,-1.518,-1.771,-1.6445,14.005,54.705,0.018191,-0.019812,0.044343,-0.00063249,0.0008724,-0.0012525,-0.011494,-0.019103,-0.011123,8
-1.6445,-1.5812,-1.518,-1.771,13.988,54.642,-0.004746,0.018191,-0.019812,-0.00063248,-0.00063249,0.0008724,-0.00063512,-0.011494,-0.019103,8
-1.7077,-1.6445,-1.5812,-1.518,13.363,52.2,-0.030006,-0.004746,0.018191,-0.00063249,-0.00063248,-0.00063249,-0.024414,-0.00063512,-0.011494,8
-1.4547,-1.7077,-1.6445,-1.5812,13.509,42.216,-0.023181,-0.030006,-0.004746,0.00253,-0.00063249,-0.00063248,-0.099846,-0.024414,-0.00063512,8
-1.518,-1.4547,-1.7077,-1.6445,13.574,42.42,0.022295,-0.023181,-0.030006,-0.00063249,0.00253,-0.00063249,0.0020463,-0.099846,-0.024414,8
-1.2017,-1.518,-1.4547,-1.7077,13.157,41.115,0.023352,0.022295,-0.023181,0.0031625,-0.00063249,0.00253,-0.013055,0.0020463,-0.099846,8
-1.4547,-1.2017,-1.518,-1.4547,12.949,40.467,-0.0012764,0.023352,0.022295,-0.00253,0.0031625,-0.00063249,-0.0064768,-0.013055,0.0020463,8
-1.3915,-1.4547,-1.2017,-1.518,11.546,27.06,-0.024184,-0.0012764,0.023352,0.0002181,-0.00253,0.0031625,-0.046231,-0.0064768,-0.013055,8
